{"cameraMode":{"drawMode":0,"name":"Shaded","section":"Shading Mode"},"sceneLighting":true,"audioPlay":false,"sceneViewState":{"m_AlwaysRefresh":false,"showFog":true,"showSkybox":true,"showFlares":true,"showImageEffects":true,"showParticleSystems":true,"showVisualEffectGraphs":true,"m_FxEnabled":true},"in2DMode":false,"pivot":{"x":-2.0074684619903566,"y":4.688052177429199,"z":0.29073846340179446},"rotation":{"x":0.11133483797311783,"y":-0.6890270113945007,"z":0.10836879163980484,"w":0.7078863978385925},"size":9.074400901794434,"orthographic":false}